-- ============================================================
-- CORE FINANCIERO SIMULADO - PARTE 2: INSERT CATALOGOS
-- ============================================================

-- ------------------------------------------------------------
-- GentZonas
-- ------------------------------------------------------------
INSERT INTO GentZonas (nCodZona, cDesZona, cAbrZona) VALUES
('01', 'ZONA NORTE',   'ZON'),
('02', 'ZONA SUR',     'ZOS'),
('03', 'ZONA LIMA',    'ZOL'),
('04', 'ZONA ORIENTE', 'ZOO');

-- ------------------------------------------------------------
-- GENTOficinas
-- ------------------------------------------------------------
INSERT INTO GENTOficinas (cCodOficin, cDesOficin, nCodZona, lConEstado) VALUES
('001', 'OF. PRINCIPAL',  '01', '1'),
('002', 'AG. NORTE 1',    '01', '1'),
('003', 'AG. NORTE 2',    '01', '1'),
('004', 'AG. NORTE 3',    '01', '1'),
('005', 'AG. NORTE 4',    '01', '1'),
('006', 'AG. NORTE 5',    '01', '1'),
('007', 'AG. NORTE 6',    '01', '1'),
('008', 'AG. SUR 1',      '02', '1'),
('009', 'AG. SUR 2',      '02', '1'),
('010', 'AG. SUR 3',      '02', '1'),
('011', 'AG. LIMA 1',     '03', '1'),
('012', 'AG. LIMA 2',     '03', '1'),
('013', 'AG. LIMA 3',     '03', '1'),
('014', 'AG. ORIENTE 1',  '04', '1'),
('015', 'AG. ORIENTE 2',  '04', '1');

-- ------------------------------------------------------------
-- KPYTSUBTIPCRE
-- cCodTipCre | cCodProduc | cCodSubPro | cDesTipCre | cDesProCre | cDesSubCre | cDesSubTip | cDesSubProd | lEstado
-- ------------------------------------------------------------
INSERT INTO KPYTSUBTIPCRE VALUES
('02', '01', '01', 'MICRO EMPRESA',   'MICRO EMPRESA',   'EMPRESARIAL',           'MES', 'EMPRESARIAL',           '1'),
('03', '02', '02', 'CONSUMO',         'CONSUMO',         'PERSONALES',            'CON', 'PERSONALES',            '1'),
('03', '03', '03', 'CONSUMO',         'CONVENIO',        'CONVENIOS NO ELEGIBLES','CON', 'CONVENIOS NO ELEGIBLES','1'),
('13', '01', '01', 'PEQUEÑA EMPRESA', 'PEQUEÑA EMPRESA', 'EMPRESARIAL',           'PEQ', 'EMPRESARIAL',           '1'),
('04', '01', '01', 'HIPOTECARIO',     'MI VIVIENDA',     'MI VIVIENDA',           'HIP', 'MI VIVIENDA',           '1');

-- ------------------------------------------------------------
-- KPYTEstCreCon
-- F=Vigente  G=Cancelado  H=Judicial  I=Castigo
-- ------------------------------------------------------------
INSERT INTO KPYTEstCreCon (cEstCreCon, cDescriEst) VALUES
('F', 'VIGENTE'),
('G', 'CANCELADO'),
('H', 'JUDICIAL'),
('I', 'CASTIGO');

-- ------------------------------------------------------------
-- KPYTConCredit
-- ------------------------------------------------------------
INSERT INTO KPYTConCredit (cCondicCon, cDesConCre) VALUES
('01', 'NORMAL'),
('02', 'CON PROBLEMAS POTENCIALES'),
('03', 'DEFICIENTE'),
('04', 'DUDOSO'),
('05', 'PERDIDA');

-- ------------------------------------------------------------
-- SIPTCARGOPER
-- ------------------------------------------------------------
INSERT INTO SIPTCARGOPER (cCodGruPer, cDesCarPer) VALUES
('013', 'ASESOR DE NEGOCIOS'),
('057', 'AUXILIAR DE CREDITOS'),
('ADM', 'ADMINISTRADOR'),
('OOO', 'ASISTENTE OPERACIONES'),
('JCH', 'JEFE DE CREDITOS'),
('026', 'ANALISTA DE RIESGOS');

-- ------------------------------------------------------------
-- SIPTAreaOrg
-- ------------------------------------------------------------
INSERT INTO SIPTAreaOrg (cCodArea, cDesArea, lConEstado) VALUES
('ACR', 'AREA DE CREDITOS',              '1'),
('ADM', 'ADMINISTRACION',               '1'),
('DCN', 'DPTO CREDITOS NORTE',           '1'),
('DCM', 'DPTO CREDITOS MYPE',            '1'),
('DCE', 'DPTO CREDITOS EMPRESARIALES',   '1'),
('SGN', 'SISTEMAS Y GESTION',            '1'),
('RRH', 'RECURSOS HUMANOS',              '1');

-- ------------------------------------------------------------
-- GENTTipCambio  (tipo de cambio mensual 2015-2024)
-- ------------------------------------------------------------
INSERT INTO GENTTipCambio (dFecTipCam, nTipCamFij) VALUES
('2015-01-01', 3.1500), ('2015-02-01', 3.1484), ('2015-03-01', 3.1019),
('2015-04-01', 3.1222), ('2015-05-01', 3.1537), ('2015-06-01', 3.1554),
('2015-07-01', 3.1869), ('2015-08-01', 3.2372), ('2015-09-01', 3.2317),
('2015-10-01', 3.2730), ('2015-11-01', 3.3746), ('2015-12-01', 3.4077),
('2016-01-01', 3.4370), ('2016-02-01', 3.5187), ('2016-03-01', 3.3877),
('2016-04-01', 3.3227), ('2016-05-01', 3.3609), ('2016-06-01', 3.3283),
('2016-07-01', 3.3286), ('2016-08-01', 3.3877), ('2016-09-01', 3.3985),
('2016-10-01', 3.3913), ('2016-11-01', 3.4143), ('2016-12-01', 3.3549),
('2017-01-01', 3.3134), ('2017-02-01', 3.2531), ('2017-03-01', 3.2506),
('2017-04-01', 3.2547), ('2017-05-01', 3.2699), ('2017-06-01', 3.2468),
('2017-07-01', 3.2422), ('2017-08-01', 3.2427), ('2017-09-01', 3.2705),
('2017-10-01', 3.2568), ('2017-11-01', 3.2367), ('2017-12-01', 3.2380),
('2018-01-01', 3.2200), ('2018-02-01', 3.2470), ('2018-03-01', 3.2280),
('2018-04-01', 3.2360), ('2018-05-01', 3.2720), ('2018-06-01', 3.2720),
('2018-07-01', 3.2680), ('2018-08-01', 3.2990), ('2018-09-01', 3.3220),
('2018-10-01', 3.3380), ('2018-11-01', 3.3780), ('2018-12-01', 3.3700),
('2019-01-01', 3.3370), ('2019-02-01', 3.3180), ('2019-03-01', 3.2980),
('2019-04-01', 3.2930), ('2019-05-01', 3.3290), ('2019-06-01', 3.2970),
('2019-07-01', 3.2890), ('2019-08-01', 3.3780), ('2019-09-01', 3.3630),
('2019-10-01', 3.3560), ('2019-11-01', 3.3770), ('2019-12-01', 3.3120),
('2020-01-01', 3.3160), ('2020-02-01', 3.3740), ('2020-03-01', 3.5190),
('2020-04-01', 3.4240), ('2020-05-01', 3.4220), ('2020-06-01', 3.5540),
('2020-07-01', 3.5560), ('2020-08-01', 3.5930), ('2020-09-01', 3.6010),
('2020-10-01', 3.6780), ('2020-11-01', 3.6140), ('2020-12-01', 3.6200),
('2021-01-01', 3.6240), ('2021-02-01', 3.7150), ('2021-03-01', 3.7230),
('2021-04-01', 3.7700), ('2021-05-01', 3.8740), ('2021-06-01', 3.9540),
('2021-07-01', 4.0980), ('2021-08-01', 4.0540), ('2021-09-01', 4.1190),
('2021-10-01', 4.0720), ('2021-11-01', 4.0490), ('2021-12-01', 3.9920),
('2022-01-01', 3.9310), ('2022-02-01', 3.8640), ('2022-03-01', 3.7320),
('2022-04-01', 3.7350), ('2022-05-01', 3.7110), ('2022-06-01', 3.8480),
('2022-07-01', 3.8560), ('2022-08-01', 3.8650), ('2022-09-01', 3.8900),
('2022-10-01', 3.9590), ('2022-11-01', 3.8720), ('2022-12-01', 3.8110),
('2023-01-01', 3.8200), ('2023-02-01', 3.8410), ('2023-03-01', 3.8700),
('2023-04-01', 3.8470), ('2023-05-01', 3.7430), ('2023-06-01', 3.7050),
('2023-07-01', 3.7190), ('2023-08-01', 3.7780), ('2023-09-01', 3.7760),
('2023-10-01', 3.8310), ('2023-11-01', 3.8800), ('2023-12-01', 3.7090),
('2024-01-01', 3.7070), ('2024-02-01', 3.7760), ('2024-03-01', 3.7220),
('2024-04-01', 3.7530), ('2024-05-01', 3.7560), ('2024-06-01', 3.7870);
